{
    "dev": {
        "awscloudformation": {
            "AuthRoleName": "amplify-hplus-dev-194016-authRole",
            "UnauthRoleArn": "arn:aws:iam::870769913774:role/amplify-hplus-dev-194016-unauthRole",
            "AuthRoleArn": "arn:aws:iam::870769913774:role/amplify-hplus-dev-194016-authRole",
            "Region": "us-east-1",
            "DeploymentBucketName": "amplify-hplus-dev-194016-deployment",
            "UnauthRoleName": "amplify-hplus-dev-194016-unauthRole",
            "StackName": "amplify-hplus-dev-194016",
            "StackId": "arn:aws:cloudformation:us-east-1:870769913774:stack/amplify-hplus-dev-194016/63c59150-e0eb-11ea-9a2f-0e69ad9c0ded",
            "AmplifyAppId": "d1h8yudk67fibz"
        },
        "categories": {
            "auth": {
                "hplus9ecd6b03": {}
            }
        }
    }
}