{
	"providers": {
		"awscloudformation": {
			"AuthRoleName": "amplify-hplus-dev-194016-authRole",
			"UnauthRoleArn": "arn:aws:iam::870769913774:role/amplify-hplus-dev-194016-unauthRole",
			"AuthRoleArn": "arn:aws:iam::870769913774:role/amplify-hplus-dev-194016-authRole",
			"Region": "us-east-1",
			"DeploymentBucketName": "amplify-hplus-dev-194016-deployment",
			"UnauthRoleName": "amplify-hplus-dev-194016-unauthRole",
			"StackName": "amplify-hplus-dev-194016",
			"StackId": "arn:aws:cloudformation:us-east-1:870769913774:stack/amplify-hplus-dev-194016/63c59150-e0eb-11ea-9a2f-0e69ad9c0ded",
			"AmplifyAppId": "d1h8yudk67fibz"
		}
	},
	"auth": {
		"hplus9ecd6b03": {
			"service": "Cognito",
			"providerPlugin": "awscloudformation",
			"dependsOn": [],
			"customAuth": false,
			"providerMetadata": {
				"s3TemplateURL": "https://s3.amazonaws.com/amplify-hplus-dev-194016-deployment/amplify-cfn-templates/auth/hplus9ecd6b03-cloudformation-template.yml",
				"logicalId": "authhplus9ecd6b03"
			},
			"lastPushTimeStamp": "2020-08-27T19:34:43.459Z",
			"output": {
				"AppClientSecret": "4v52v7k5m4069792c5bne4se9o9d407l4b0gifj14h9j398clc3",
				"UserPoolId": "us-east-1_JmXIZo6ye",
				"AppClientIDWeb": "4k4l9nsgfr8kbh8l2n5jel8nji",
				"AppClientID": "56a3ghs26l801c4kbodio01nga",
				"IdentityPoolId": "us-east-1:7c23676e-ab8a-4f30-89fb-bf47fbe6749b",
				"IdentityPoolName": "hplus9ecd6b03_identitypool_9ecd6b03__dev",
				"UserPoolName": "hplus9ecd6b03_userpool_9ecd6b03"
			},
			"lastPushDirHash": "9TCyjZ/zyBw2Adjpzc6bVz9m9as="
		}
	},
	"api": {
		"hplus": {
			"service": "AppSync",
			"providerPlugin": "awscloudformation",
			"output": {
				"authConfig": {
					"defaultAuthentication": {
						"authenticationType": "AMAZON_COGNITO_USER_POOLS",
						"userPoolConfig": {
							"userPoolId": "authhplus9ecd6b03"
						}
					},
					"additionalAuthenticationProviders": []
				},
				"GraphQLAPIIdOutput": "bahzapjrbbf5hj3ug3thtiw5ua",
				"GraphQLAPIEndpointOutput": "https://moyhuzwdwfhcdjom4ju4k5ddyu.appsync-api.us-east-1.amazonaws.com/graphql"
			},
			"lastPushTimeStamp": "2020-08-27T19:34:43.467Z",
			"providerMetadata": {
				"s3TemplateURL": "https://s3.amazonaws.com/amplify-hplus-dev-194016-deployment/amplify-cfn-templates/api/cloudformation-template.json",
				"logicalId": "apihplus"
			},
			"lastPushDirHash": "OBvGbDxPlaRZpcjthrqCC3BwFQM="
		}
	}
}