{
	"auth": {
		"hplus9ecd6b03": {
			"service": "Cognito",
			"providerPlugin": "awscloudformation",
			"dependsOn": [],
			"customAuth": false
		}
	},
	"api": {
		"hplus": {
			"service": "AppSync",
			"providerPlugin": "awscloudformation",
			"output": {
				"authConfig": {
					"defaultAuthentication": {
						"authenticationType": "AMAZON_COGNITO_USER_POOLS",
						"userPoolConfig": {
							"userPoolId": "authhplus9ecd6b03"
						}
					},
					"additionalAuthenticationProviders": []
				}
			}
		}
	}
}